,sepal length (cm),sepal width (cm),petal length (cm),petal width (cm)
max,7.9,4.4,6.9,2.5
min,4.3,2.0,1.0,0.1
mean,5.843333333333334,3.0573333333333337,3.7580000000000005,1.1993333333333336
median,5.8,3.0,4.35,1.3
std,0.828066127977863,0.4358662849366982,1.7652982332594662,0.7622376689603465
