,sepal length (cm),sepal width (cm),petal length (cm),petal width (cm)
sepal length (cm),0.6811222222222222,-0.04215111111111109,1.2658199999999997,0.512828888888889
sepal width (cm),-0.04215111111111109,0.1887128888888887,-0.32745866666666684,-0.12082844444444453
petal length (cm),1.2658199999999997,-0.32745866666666684,3.095502666666668,1.2869719999999996
petal width (cm),0.512828888888889,-0.12082844444444453,1.2869719999999996,0.5771328888888889
