,sepal length (cm),sepal width (cm),petal length (cm),petal width (cm)
sepal length (cm),1.0,-0.11756978413300198,0.8717537758865831,0.8179411262715757
sepal width (cm),-0.11756978413300198,1.0,-0.4284401043305397,-0.36612593253643905
petal length (cm),0.871753775886583,-0.4284401043305397,1.0,0.9628654314027963
petal width (cm),0.8179411262715757,-0.36612593253643905,0.9628654314027965,0.9999999999999999
